{"cameraMode":{"drawMode":0,"name":"Shaded","section":"Shading Mode"},"sceneLighting":true,"audioPlay":false,"sceneViewState":{"m_AlwaysRefresh":false,"showFog":true,"showSkybox":true,"showFlares":true,"showImageEffects":true,"showParticleSystems":true,"showVisualEffectGraphs":true,"m_FxEnabled":false},"in2DMode":false,"pivot":{"x":10.551369667053223,"y":-6.714288711547852,"z":5.165407180786133},"rotation":{"x":-0.37189605832099917,"y":-0.14985795319080354,"z":0.06132778525352478,"w":-0.9142308831214905},"size":18.535573959350587,"orthographic":false}